{
"lengthUnit": "mil",
"remark": [],
"components": {
	"fields": ["COMPONENT_NO", "COMPONENT_NAME", "LAYER", "X_COORDINATE", "Y_COORDINATE", "ANGLE"],
	"rows": [
		[1, "JST2.0", "T", 225, -240, 0],
		[2, "Solar_Flash", "T", 640, -165, 180],
		[3, "toRePeter", "T", 415, -560, 0],
		[4, "PAD1", "T", 185.64, -309.117, 0],
		[5, "PAD2", "T", 264.38, -309.117, 0],
		[6, "PAD3", "T", 748.27, -199.05, 0],
		[7, "PAD4", "T", 748.27, -130.94, 0],
		[8, "PAD5", "T", 689.21, -199.05, 0],
		[9, "PAD6", "T", 669.53, -199.05, 0],
		[10, "PAD7", "T", 649.84, -199.05, 0],
		[11, "PAD8", "T", 630.16, -199.05, 0],
		[12, "PAD9", "T", 610.47, -199.05, 0],
		[13, "PAD10", "T", 590.79, -199.05, 0],
		[14, "PAD11", "T", 531.73, -199.05, 0],
		[15, "PAD12", "T", 689.21, -130.94, 0],
		[16, "PAD13", "T", 669.53, -130.94, 0],
		[17, "PAD14", "T", 649.84, -130.94, 0],
		[18, "PAD15", "T", 630.16, -130.94, 0],
		[19, "PAD16", "T", 610.47, -130.94, 0],
		[20, "PAD17", "T", 590.79, -130.94, 0],
		[21, "PAD18", "T", 531.73, -130.94, 0],
		[22, "PAD19", "T", 734.49, -249.65, 0],
		[23, "PAD19", "B", 734.49, -249.65, 0],
		[24, "PAD20", "T", 545.51, -249.65, 0],
		[25, "PAD20", "B", 545.51, -249.65, 0],
		[26, "PAD21", "T", 734.49, -80.35, 0],
		[27, "PAD21", "B", 734.49, -80.35, 0],
		[28, "PAD22", "T", 545.51, -80.35, 0],
		[29, "PAD22", "B", 545.51, -80.35, 0],
		[30, "PAD23", "T", 523.265, -504.88, 0],
		[31, "PAD24", "T", 464.215, -504.88, 0],
		[32, "PAD25", "T", 444.525, -504.88, 0],
		[33, "PAD26", "T", 424.845, -504.88, 0],
		[34, "PAD27", "T", 405.155, -504.88, 0],
		[35, "PAD28", "T", 385.475, -504.88, 0],
		[36, "PAD29", "T", 365.785, -504.88, 0],
		[37, "PAD30", "T", 306.735, -504.88, 0],
		[38, "PAD31", "T", 306.735, -615.12, 0],
		[39, "PAD32", "T", 365.785, -615.12, 0],
		[40, "PAD33", "T", 385.475, -615.12, 0],
		[41, "PAD34", "T", 405.155, -615.12, 0],
		[42, "PAD35", "T", 424.845, -615.12, 0],
		[43, "PAD36", "T", 444.525, -615.12, 0],
		[44, "PAD37", "T", 464.215, -615.12, 0],
		[45, "PAD38", "T", 523.265, -615.12, 0],
		[46, "PAD39", "T", 580.355, -560, 0],
		[47, "PAD39", "B", 580.355, -560, 0],
		[48, "PAD40", "T", 249.645, -560, 0],
		[49, "PAD40", "B", 249.645, -560, 0]
	]
},
"pins": {
	"fields": ["PIN_NO", "PIN_NAME", "PIN_X", "PIN_Y", "LAYER", "PIN_TYPE", "NET_NAME", "NET_TYPE", "PAD_SHAPE", "PAD_SIZEX", "PAD_SIZEY", "HOLE_SIZE", "HOLE_LEN", "PAD_ANGLE"],
	"rows": [
		[1, "JST2.0_1", 185.64, -309.117, "T", "SMD", "VCC", "", "R", 39.37, 118.11, 0, 0, 0],
		[2, "JST2.0_2", 264.38, -309.117, "T", "SMD", "GND", "GND", "R", 39.37, 118.11, 0, 0, 0],
		[3, "JST2.0_3", 385, -170.882, "T", "SMD", "NET_1", "", "R", 78.74, 137.795, 0, 0, 0],
		[4, "JST2.0_4", 65, -170.882, "T", "SMD", "NET_2", "", "R", 78.74, 137.795, 0, 0, 0],
		[5, "Solar_Flash_1", 734.49, -249.65, "T", "DIP", "GND", "GND", "O", 53.15, 43.307, 23.622, 33.465, 180],
		[6, "Solar_Flash_1", 734.49, -249.65, "B", "DIP", "GND", "GND", "O", 53.15, 43.307, 23.622, 33.465, 180],
		[7, "Solar_Flash_2", 734.49, -80.35, "T", "DIP", "GND", "GND", "O", 53.15, 43.307, 23.622, 33.465, 180],
		[8, "Solar_Flash_2", 734.49, -80.35, "B", "DIP", "GND", "GND", "O", 53.15, 43.307, 23.622, 33.465, 180],
		[9, "Solar_Flash_3", 545.51, -249.65, "T", "DIP", "GND", "GND", "O", 53.15, 43.307, 23.622, 33.465, 180],
		[10, "Solar_Flash_3", 545.51, -249.65, "B", "DIP", "GND", "GND", "O", 53.15, 43.307, 23.622, 33.465, 180],
		[11, "Solar_Flash_4", 545.51, -80.35, "T", "DIP", "GND", "GND", "O", 53.15, 43.307, 23.622, 33.465, 180],
		[12, "Solar_Flash_4", 545.51, -80.35, "B", "DIP", "GND", "GND", "O", 53.15, 43.307, 23.622, 33.465, 180],
		[13, "Solar_Flash_A1", 748.27, -199.05, "T", "SMD", "GND", "GND", "R", 11.811, 34.252, 0, 0, 180],
		[14, "Solar_Flash_A12", 531.73, -199.05, "T", "SMD", "GND", "GND", "R", 11.811, 34.252, 0, 0, 180],
		[15, "Solar_Flash_A4", 689.21, -199.05, "T", "SMD", "VCC", "", "R", 11.811, 34.252, 0, 0, 180],
		[16, "Solar_Flash_A5", 669.53, -199.05, "T", "SMD", "CC1", "", "R", 11.811, 34.252, 0, 0, 180],
		[17, "Solar_Flash_A6", 649.84, -199.05, "T", "SMD", "DP1", "", "R", 11.811, 34.252, 0, 0, 180],
		[18, "Solar_Flash_A7", 630.16, -199.05, "T", "SMD", "DN1", "", "R", 11.811, 34.252, 0, 0, 180],
		[19, "Solar_Flash_A8", 610.47, -199.05, "T", "SMD", "SBUS1", "", "R", 11.811, 34.252, 0, 0, 180],
		[20, "Solar_Flash_A9", 590.79, -199.05, "T", "SMD", "VCC", "", "R", 11.811, 34.252, 0, 0, 180],
		[21, "Solar_Flash_B1", 531.73, -130.94, "T", "SMD", "GND", "GND", "R", 11.811, 34.252, 0, 0, 180],
		[22, "Solar_Flash_B12", 748.27, -130.94, "T", "SMD", "GND", "GND", "R", 11.811, 34.252, 0, 0, 180],
		[23, "Solar_Flash_B4", 590.79, -130.94, "T", "SMD", "VCC", "", "R", 11.811, 34.252, 0, 0, 180],
		[24, "Solar_Flash_B5", 610.47, -130.94, "T", "SMD", "CC2", "", "R", 11.811, 34.252, 0, 0, 180],
		[25, "Solar_Flash_B6", 630.16, -130.94, "T", "SMD", "DP2", "", "R", 11.811, 34.252, 0, 0, 180],
		[26, "Solar_Flash_B7", 649.84, -130.94, "T", "SMD", "DN2", "", "R", 11.811, 34.252, 0, 0, 180],
		[27, "Solar_Flash_B8", 669.53, -130.94, "T", "SMD", "SBUS2", "", "R", 11.811, 34.252, 0, 0, 180],
		[28, "Solar_Flash_B9", 689.21, -130.94, "T", "SMD", "VCC", "", "R", 11.811, 34.252, 0, 0, 180],
		[29, "toRePeter_1", 249.645, -560, "T", "DIP", "GND", "GND", "O", 35.433, 59.055, 23.622, 39.37, 90],
		[30, "toRePeter_1", 249.645, -560, "B", "DIP", "GND", "GND", "O", 35.433, 59.055, 23.622, 39.37, 90],
		[31, "toRePeter_2", 580.355, -560, "T", "DIP", "GND", "GND", "O", 35.433, 59.055, 23.622, 39.37, 90],
		[32, "toRePeter_2", 580.355, -560, "B", "DIP", "GND", "GND", "O", 35.433, 59.055, 23.622, 39.37, 90],
		[33, "toRePeter_A1", 523.265, -504.88, "T", "SMD", "GND", "GND", "R", 11.024, 40.157, 0, 0, 0],
		[34, "toRePeter_A10", 346.105, -504.88, "T", "SMD", "NET_3", "", "R", 11.024, 40.157, 0, 0, 0],
		[35, "toRePeter_A11", 326.415, -504.88, "T", "SMD", "NET_4", "", "R", 11.024, 40.157, 0, 0, 0],
		[36, "toRePeter_A12", 306.735, -504.88, "T", "SMD", "GND", "GND", "R", 11.024, 40.157, 0, 0, 0],
		[37, "toRePeter_A2", 503.585, -504.88, "T", "SMD", "NET_5", "", "R", 11.024, 40.157, 0, 0, 0],
		[38, "toRePeter_A3", 483.895, -504.88, "T", "SMD", "NET_6", "", "R", 11.024, 40.157, 0, 0, 0],
		[39, "toRePeter_A4", 464.215, -504.88, "T", "SMD", "VCC", "", "R", 11.024, 40.157, 0, 0, 0],
		[40, "toRePeter_A5", 444.525, -504.88, "T", "SMD", "CC1", "", "R", 11.024, 40.157, 0, 0, 0],
		[41, "toRePeter_A6", 424.845, -504.88, "T", "SMD", "DP1", "", "R", 11.024, 40.157, 0, 0, 0],
		[42, "toRePeter_A7", 405.155, -504.88, "T", "SMD", "DN1", "", "R", 11.024, 40.157, 0, 0, 0],
		[43, "toRePeter_A8", 385.475, -504.88, "T", "SMD", "SBUS1", "", "R", 11.024, 40.157, 0, 0, 0],
		[44, "toRePeter_A9", 365.785, -504.88, "T", "SMD", "VCC", "", "R", 11.024, 40.157, 0, 0, 0],
		[45, "toRePeter_B1", 306.735, -615.12, "T", "SMD", "GND", "GND", "R", 11.024, 40.157, 0, 0, 0],
		[46, "toRePeter_B10", 483.895, -615.12, "T", "SMD", "NET_7", "", "R", 11.024, 40.157, 0, 0, 0],
		[47, "toRePeter_B11", 503.585, -615.12, "T", "SMD", "NET_8", "", "R", 11.024, 40.157, 0, 0, 0],
		[48, "toRePeter_B12", 523.265, -615.12, "T", "SMD", "GND", "GND", "R", 11.024, 40.157, 0, 0, 0],
		[49, "toRePeter_B2", 326.415, -615.12, "T", "SMD", "NET_9", "", "R", 11.024, 40.157, 0, 0, 0],
		[50, "toRePeter_B3", 346.105, -615.12, "T", "SMD", "NET_10", "", "R", 11.024, 40.157, 0, 0, 0],
		[51, "toRePeter_B4", 365.785, -615.12, "T", "SMD", "VCC", "", "R", 11.024, 40.157, 0, 0, 0],
		[52, "toRePeter_B5", 385.475, -615.12, "T", "SMD", "CC2", "", "R", 11.024, 40.157, 0, 0, 0],
		[53, "toRePeter_B6", 405.155, -615.12, "T", "SMD", "DP2", "", "R", 11.024, 40.157, 0, 0, 0],
		[54, "toRePeter_B7", 424.845, -615.12, "T", "SMD", "DN2", "", "R", 11.024, 40.157, 0, 0, 0],
		[55, "toRePeter_B8", 444.525, -615.12, "T", "SMD", "SBUS2", "", "R", 11.024, 40.157, 0, 0, 0],
		[56, "toRePeter_B9", 464.215, -615.12, "T", "SMD", "VCC", "", "R", 11.024, 40.157, 0, 0, 0],
		[57, "PAD1_1", 185.64, -309.117, "T", "SMD", "VCC", "", "R", 39.37, 118.11, 0, 0, 0],
		[58, "PAD2_2", 264.38, -309.117, "T", "SMD", "GND", "GND", "R", 39.37, 118.11, 0, 0, 0],
		[59, "PAD3_A1", 748.27, -199.05, "T", "SMD", "GND", "GND", "R", 11.811, 34.252, 0, 0, 180],
		[60, "PAD4_B12", 748.27, -130.94, "T", "SMD", "GND", "GND", "R", 11.811, 34.252, 0, 0, 180],
		[61, "PAD5_A4", 689.21, -199.05, "T", "SMD", "VCC", "", "R", 11.811, 34.252, 0, 0, 180],
		[62, "PAD6_A5", 669.53, -199.05, "T", "SMD", "CC1", "", "R", 11.811, 34.252, 0, 0, 180],
		[63, "PAD7_A6", 649.84, -199.05, "T", "SMD", "DP1", "", "R", 11.811, 34.252, 0, 0, 180],
		[64, "PAD8_A7", 630.16, -199.05, "T", "SMD", "DN1", "", "R", 11.811, 34.252, 0, 0, 180],
		[65, "PAD9_A8", 610.47, -199.05, "T", "SMD", "SBUS1", "", "R", 11.811, 34.252, 0, 0, 180],
		[66, "PAD10_A9", 590.79, -199.05, "T", "SMD", "VCC", "", "R", 11.811, 34.252, 0, 0, 180],
		[67, "PAD11_A12", 531.73, -199.05, "T", "SMD", "GND", "GND", "R", 11.811, 34.252, 0, 0, 180],
		[68, "PAD12_B9", 689.21, -130.94, "T", "SMD", "VCC", "", "R", 11.811, 34.252, 0, 0, 180],
		[69, "PAD13_B8", 669.53, -130.94, "T", "SMD", "SBUS2", "", "R", 11.811, 34.252, 0, 0, 180],
		[70, "PAD14_B7", 649.84, -130.94, "T", "SMD", "DN2", "", "R", 11.811, 34.252, 0, 0, 180],
		[71, "PAD15_B6", 630.16, -130.94, "T", "SMD", "DP2", "", "R", 11.811, 34.252, 0, 0, 180],
		[72, "PAD16_B5", 610.47, -130.94, "T", "SMD", "CC2", "", "R", 11.811, 34.252, 0, 0, 180],
		[73, "PAD17_B4", 590.79, -130.94, "T", "SMD", "VCC", "", "R", 11.811, 34.252, 0, 0, 180],
		[74, "PAD18_B1", 531.73, -130.94, "T", "SMD", "GND", "GND", "R", 11.811, 34.252, 0, 0, 180],
		[75, "PAD19_1", 734.49, -249.65, "T", "DIP", "GND", "GND", "O", 53.15, 43.307, 23.622, 33.465, 180],
		[76, "PAD19_1", 734.49, -249.65, "B", "DIP", "GND", "GND", "O", 53.15, 43.307, 23.622, 33.465, 180],
		[77, "PAD20_3", 545.51, -249.65, "T", "DIP", "GND", "GND", "O", 53.15, 43.307, 23.622, 33.465, 180],
		[78, "PAD20_3", 545.51, -249.65, "B", "DIP", "GND", "GND", "O", 53.15, 43.307, 23.622, 33.465, 180],
		[79, "PAD21_2", 734.49, -80.35, "T", "DIP", "GND", "GND", "O", 53.15, 43.307, 23.622, 33.465, 180],
		[80, "PAD21_2", 734.49, -80.35, "B", "DIP", "GND", "GND", "O", 53.15, 43.307, 23.622, 33.465, 180],
		[81, "PAD22_4", 545.51, -80.35, "T", "DIP", "GND", "GND", "O", 53.15, 43.307, 23.622, 33.465, 180],
		[82, "PAD22_4", 545.51, -80.35, "B", "DIP", "GND", "GND", "O", 53.15, 43.307, 23.622, 33.465, 180],
		[83, "PAD23_A1", 523.265, -504.88, "T", "SMD", "GND", "GND", "R", 11.024, 40.157, 0, 0, 0],
		[84, "PAD24_A4", 464.215, -504.88, "T", "SMD", "VCC", "", "R", 11.024, 40.157, 0, 0, 0],
		[85, "PAD25_A5", 444.525, -504.88, "T", "SMD", "CC1", "", "R", 11.024, 40.157, 0, 0, 0],
		[86, "PAD26_A6", 424.845, -504.88, "T", "SMD", "DP1", "", "R", 11.024, 40.157, 0, 0, 0],
		[87, "PAD27_A7", 405.155, -504.88, "T", "SMD", "DN1", "", "R", 11.024, 40.157, 0, 0, 0],
		[88, "PAD28_A8", 385.475, -504.88, "T", "SMD", "SBUS1", "", "R", 11.024, 40.157, 0, 0, 0],
		[89, "PAD29_A9", 365.785, -504.88, "T", "SMD", "VCC", "", "R", 11.024, 40.157, 0, 0, 0],
		[90, "PAD30_A12", 306.735, -504.88, "T", "SMD", "GND", "GND", "R", 11.024, 40.157, 0, 0, 0],
		[91, "PAD31_B1", 306.735, -615.12, "T", "SMD", "GND", "GND", "R", 11.024, 40.157, 0, 0, 0],
		[92, "PAD32_B4", 365.785, -615.12, "T", "SMD", "VCC", "", "R", 11.024, 40.157, 0, 0, 0],
		[93, "PAD33_B5", 385.475, -615.12, "T", "SMD", "CC2", "", "R", 11.024, 40.157, 0, 0, 0],
		[94, "PAD34_B6", 405.155, -615.12, "T", "SMD", "DP2", "", "R", 11.024, 40.157, 0, 0, 0],
		[95, "PAD35_B7", 424.845, -615.12, "T", "SMD", "DN2", "", "R", 11.024, 40.157, 0, 0, 0],
		[96, "PAD36_B8", 444.525, -615.12, "T", "SMD", "SBUS2", "", "R", 11.024, 40.157, 0, 0, 0],
		[97, "PAD37_B9", 464.215, -615.12, "T", "SMD", "VCC", "", "R", 11.024, 40.157, 0, 0, 0],
		[98, "PAD38_B12", 523.265, -615.12, "T", "SMD", "GND", "GND", "R", 11.024, 40.157, 0, 0, 0],
		[99, "PAD39_2", 580.355, -560, "T", "DIP", "GND", "GND", "O", 35.433, 59.055, 23.622, 39.37, 90],
		[100, "PAD39_2", 580.355, -560, "B", "DIP", "GND", "GND", "O", 35.433, 59.055, 23.622, 39.37, 90],
		[101, "PAD40_1", 249.645, -560, "T", "DIP", "GND", "GND", "O", 35.433, 59.055, 23.622, 39.37, 90],
		[102, "PAD40_1", 249.645, -560, "B", "DIP", "GND", "GND", "O", 35.433, 59.055, 23.622, 39.37, 90]
	]
}
}