{
"lengthUnit": "mil",
"remark": ["fly_line"],
"components": {
	"fields": ["COMPONENT_NO", "COMPONENT_NAME", "LAYER", "X_COORDINATE", "Y_COORDINATE", "ANGLE"],
	"rows": [
		[1, "C1", "T", 205, -910, 0],
		[2, "C3", "T", 1100, -375, 0],
		[3, "C5", "T", 1390, -375, 0],
		[4, "C6", "T", 2475, -1265, 0],
		[5, "CN1", "T", 260, -355, 0],
		[6, "M1", "T", 1330, -1180, 90],
		[7, "M2", "T", 2400, -885, 0],
		[8, "MeshCore1", "T", 2580, -1445, 0],
		[9, "R1", "T", 340, -910, 0],
		[10, "R3", "T", 772.3772, -375.956, 0],
		[11, "R4", "T", 930, -375, 0],
		[12, "R7", "T", 1259.1757, -373.243, 0],
		[13, "R8", "T", 2615, -1265, 180],
		[14, "R20", "T", 1980, -1295, 180],
		[15, "REBOOT1", "T", 135, -85, 180],
		[16, "SW5", "T", 450, -155, 180],
		[17, "U1", "T", 285, -1095, 0],
		[18, "U2", "B", 2155, -50, 180],
		[19, "U3", "B", 2605, -1470, 180],
		[20, "PAD1", "T", 1139.37, -375, 0],
		[21, "PAD2", "T", 1060.63, -375, 0],
		[22, "PAD3", "T", 1417.56, -375, 0],
		[23, "PAD4", "T", 1362.44, -375, 0],
		[24, "PAD5", "T", 2502.56, -1265, 0],
		[25, "PAD6", "T", 2447.44, -1265, 0],
		[26, "PAD7", "T", 730.0005, -1180.8659, 0],
		[27, "PAD7", "B", 730.0005, -1180.8659, 0],
		[28, "PAD8", "T", 1230.0005, -1180.8659, 0],
		[29, "PAD9", "T", 1630.0005, -1180.8659, 0],
		[30, "PAD10", "T", 1730.0005, -1180.8659, 0],
		[31, "PAD11", "T", 1830.0005, -1180.8659, 0],
		[32, "PAD12", "T", 930.1575, -580.1582, 0],
		[33, "PAD12", "B", 930.1575, -580.1582, 0],
		[34, "PAD13", "T", 730.1575, -580.1582, 0],
		[35, "PAD13", "B", 730.1575, -580.1582, 0],
		[36, "PAD14", "T", 1030.1575, -580.1582, 0],
		[37, "PAD15", "T", 1130.1575, -580.1582, 0],
		[38, "PAD15", "B", 1130.1575, -580.1582, 0],
		[39, "PAD16", "T", 1230.1575, -580.1582, 0],
		[40, "PAD17", "T", 1330.1575, -580.1582, 0],
		[41, "PAD18", "T", 1430.1575, -580.1582, 0],
		[42, "PAD19", "T", 1530.1575, -580.1582, 0],
		[43, "PAD20", "T", 1630.1575, -580.1582, 0],
		[44, "PAD21", "T", 1730.1575, -580.1582, 0],
		[45, "PAD21", "B", 1730.1575, -580.1582, 0],
		[46, "PAD22", "T", 1830.1575, -580.1582, 0],
		[47, "PAD23", "T", 1930.1575, -580.1582, 0],
		[48, "PAD24", "T", 1130.0005, -1180.8659, 0],
		[49, "PAD24", "B", 1130.0005, -1180.8659, 0],
		[50, "PAD25", "B", 1929.9993, -1180.7865, 0],
		[51, "PAD26", "T", 2092.92, -688.155, 0],
		[52, "PAD27", "T", 2092.92, -766.895, 0],
		[53, "PAD28", "T", 2092.92, -845.635, 0],
		[54, "PAD29", "T", 2092.92, -924.375, 0],
		[55, "PAD30", "T", 2092.92, -1003.115, 0],
		[56, "PAD31", "T", 2092.92, -1081.855, 0],
		[57, "PAD32", "T", 2707.08, -1160.595, 0],
		[58, "PAD33", "T", 2707.08, -1081.855, 0],
		[59, "PAD34", "T", 2707.08, -1003.115, 0],
		[60, "PAD35", "T", 2707.08, -924.375, 0],
		[61, "PAD36", "T", 2707.08, -845.635, 0],
		[62, "PAD37", "T", 2707.08, -766.895, 0],
		[63, "PAD38", "T", 2707.08, -688.155, 0],
		[64, "PAD39", "T", 2707.08, -609.41, 0],
		[65, "PAD40", "T", 2519.09, -676.655, 0],
		[66, "PAD41", "T", 2493.98, -1445, 0],
		[67, "PAD42", "T", 2666.02, -1445, 0],
		[68, "PAD43", "T", 811.7472, -375.956, 0],
		[69, "PAD44", "T", 733.0072, -375.956, 0],
		[70, "PAD45", "T", 969.37, -375, 0],
		[71, "PAD46", "T", 890.63, -375, 0],
		[72, "PAD47", "T", 1288.8357, -373.243, 0],
		[73, "PAD48", "T", 1229.5157, -373.243, 0],
		[74, "PAD49", "T", 2585.34, -1265, 0],
		[75, "PAD50", "T", 2644.66, -1265, 0],
		[76, "PAD51", "T", 221.02, -85, 0],
		[77, "PAD52", "T", 48.98, -85, 0],
		[78, "PAD53", "T", 548.425, -155, 0],
		[79, "PAD53", "B", 548.425, -155, 0],
		[80, "PAD54", "T", 450.005, -155, 0],
		[81, "PAD54", "B", 450.005, -155, 0],
		[82, "PAD55", "T", 232.56, -910, 0],
		[83, "PAD56", "T", 177.44, -910, 0],
		[84, "PAD57", "T", 369.66, -910, 0],
		[85, "PAD58", "T", 310.34, -910, 0],
		[86, "PAD59", "T", 210, -1204.15, 0],
		[87, "PAD60", "T", 260, -1204.15, 0],
		[88, "PAD61", "T", 310, -1204.15, 0],
		[89, "PAD62", "T", 360, -1204.15, 0],
		[90, "PAD63", "T", 210, -985.85, 0],
		[91, "PAD64", "T", 260, -985.85, 0],
		[92, "PAD65", "T", 310, -985.85, 0],
		[93, "PAD66", "T", 360, -985.85, 0],
		[94, "PAD67", "T", 285, -1095, 0],
		[95, "PAD68", "T", 235.395, -304.41, 0],
		[96, "PAD69", "T", 284.605, -304.41, 0],
		[97, "PAD70", "T", 2305, -50, 0],
		[98, "PAD70", "B", 2305, -50, 0],
		[99, "PAD71", "T", 2205, -50, 0],
		[100, "PAD71", "B", 2205, -50, 0],
		[101, "PAD72", "T", 2105, -50, 0],
		[102, "PAD72", "B", 2105, -50, 0],
		[103, "PAD73", "T", 2005, -50, 0],
		[104, "PAD73", "B", 2005, -50, 0],
		[105, "PAD74", "T", 1940.63, -1295, 0],
		[106, "PAD75", "T", 2019.37, -1295, 0],
		[107, "PAD76", "B", 2514.45, -1508.39, 0],
		[108, "PAD77", "B", 2514.45, -1431.61, 0],
		[109, "PAD78", "B", 2695.55, -1508.39, 0],
		[110, "TPJLC", "T", 1830, -1440, 0]
	]
},
"pins": {
	"fields": ["PIN_NO", "PIN_NAME", "PIN_X", "PIN_Y", "LAYER", "PIN_TYPE", "NET_NAME", "NET_TYPE", "PAD_SHAPE", "PAD_SIZEX", "PAD_SIZEY", "HOLE_SIZE", "HOLE_LEN", "PAD_ANGLE"],
	"rows": [
		[1, "C1_1", 177.44, -910, "T", "SMD", "-BATT", "", "R", 31.496, 35.433, 0, 0, 0],
		[2, "C1_2", 232.56, -910, "T", "SMD", "$1N3533", "", "R", 31.496, 35.433, 0, 0, 0],
		[3, "C3_1", 1060.63, -375, "T", "SMD", "GND", "GND", "R", 55.512, 53.15, 0, 0, 0],
		[4, "C3_2", 1139.37, -375, "T", "SMD", "BATT_%", "", "R", 55.512, 53.15, 0, 0, 0],
		[5, "C5_1", 1362.44, -375, "T", "SMD", "RST_BTN", "", "R", 31.496, 35.433, 0, 0, 0],
		[6, "C5_2", 1417.56, -375, "T", "SMD", "GND", "GND", "R", 31.496, 35.433, 0, 0, 0],
		[7, "C6_1", 2447.44, -1265, "T", "SMD", "USR_BTN", "", "R", 31.496, 35.433, 0, 0, 0],
		[8, "C6_2", 2502.56, -1265, "T", "SMD", "GND", "GND", "R", 31.496, 35.433, 0, 0, 0],
		[9, "CN1_1", 235.395, -304.41, "T", "SMD", "VCC", "", "R", 31.496, 86.614, 0, 0, 0],
		[10, "CN1_2", 284.605, -304.41, "T", "SMD", "-BATT", "", "R", 31.496, 86.614, 0, 0, 0],
		[11, "CN1_3", 141.695, -405.59, "T", "SMD", "NET_1", "", "R", 98.425, 92.52, 0, 0, 270],
		[12, "CN1_4", 378.305, -405.59, "T", "SMD", "NET_2", "", "R", 98.425, 92.52, 0, 0, 90],
		[13, "M1_1", 730.0005, -1180.8659, "T", "DIP", "GND", "GND", "R", 62.992, 62.992, 37.7952, 37.7952, 0],
		[14, "M1_1", 730.0005, -1180.8659, "B", "DIP", "GND", "GND", "R", 62.992, 62.992, 37.7952, 37.7952, 0],
		[15, "M1_2", 830.0005, -1180.8659, "T", "SMD", "NET_3", "", "C", 62.992, 62.992, 0, 0, 0],
		[16, "M1_3", 930.0005, -1180.8659, "T", "SMD", "NET_4", "", "C", 62.992, 62.992, 0, 0, 0],
		[17, "M1_4", 1030.0005, -1180.8659, "B", "SMD", "NET_5", "", "C", 62.992, 62.992, 0, 0, 0],
		[18, "M1_5", 1130.0005, -1180.8659, "T", "DIP", "GND", "GND", "C", 62.992, 62.992, 19.685, 19.685, 0],
		[19, "M1_5", 1130.0005, -1180.8659, "B", "DIP", "GND", "GND", "C", 62.992, 62.992, 19.685, 19.685, 0],
		[20, "M1_6", 1230.0005, -1180.8659, "T", "SMD", "RXEN", "", "C", 62.992, 62.992, 0, 0, 0],
		[21, "M1_7", 1330.0005, -1180.8659, "T", "SMD", "NET_6", "", "C", 62.992, 62.992, 0, 0, 0],
		[22, "M1_8", 1430.0005, -1180.8659, "T", "SMD", "NET_7", "", "C", 62.992, 62.992, 0, 0, 0],
		[23, "M1_9", 1530.0005, -1180.8659, "T", "SMD", "NET_8", "", "C", 62.992, 62.992, 0, 0, 0],
		[24, "M1_10", 1630.0005, -1180.8659, "T", "SMD", "USR_BTN", "", "C", 62.992, 62.992, 0, 0, 0],
		[25, "M1_11", 1730.0005, -1180.8659, "T", "SMD", "SCL", "", "C", 62.992, 62.992, 0, 0, 0],
		[26, "M1_12", 1830.0005, -1180.8659, "T", "SMD", "SDA", "", "C", 62.992, 62.992, 0, 0, 0],
		[27, "M1_13", 1929.9993, -1180.7865, "B", "SMD", "1WIRE", "", "C", 62.992, 62.992, 0, 0, 90],
		[28, "M1_14", 730.1575, -580.1582, "T", "DIP", "VCC", "", "R", 62.992, 62.992, 37.7952, 37.7952, 0],
		[29, "M1_14", 730.1575, -580.1582, "B", "DIP", "VCC", "", "R", 62.992, 62.992, 37.7952, 37.7952, 0],
		[30, "M1_15", 830.1575, -580.1582, "B", "SMD", "NET_9", "", "C", 62.992, 62.992, 0, 0, 0],
		[31, "M1_16", 930.1575, -580.1582, "T", "DIP", "GND", "GND", "C", 62.992, 62.992, 19.685, 19.685, 0],
		[32, "M1_16", 930.1575, -580.1582, "B", "DIP", "GND", "GND", "C", 62.992, 62.992, 19.685, 19.685, 0],
		[33, "M1_17", 1030.1575, -580.1582, "T", "SMD", "RST_BTN", "", "C", 62.992, 62.992, 0, 0, 0],
		[34, "M1_18", 1130.1575, -580.1582, "T", "DIP", "+3.3V", "", "C", 62.992, 62.992, 19.685, 19.685, 0],
		[35, "M1_18", 1130.1575, -580.1582, "B", "DIP", "+3.3V", "", "C", 62.992, 62.992, 19.685, 19.685, 0],
		[36, "M1_19", 1230.1575, -580.1582, "T", "SMD", "BATT_%", "", "C", 62.992, 62.992, 0, 0, 0],
		[37, "M1_20", 1330.1575, -580.1582, "T", "SMD", "BUSY", "", "C", 62.992, 62.992, 0, 0, 0],
		[38, "M1_21", 1430.1575, -580.1582, "T", "SMD", "MISO", "", "C", 62.992, 62.992, 0, 0, 0],
		[39, "M1_22", 1530.1575, -580.1582, "T", "SMD", "MOSI", "", "C", 62.992, 62.992, 0, 0, 0],
		[40, "M1_23", 1630.1575, -580.1582, "T", "SMD", "CS", "", "C", 62.992, 62.992, 0, 0, 0],
		[41, "M1_24", 1730.1575, -580.1582, "T", "DIP", "SCK", "", "C", 62.992, 62.992, 37.7952, 37.7952, 0],
		[42, "M1_24", 1730.1575, -580.1582, "B", "DIP", "SCK", "", "C", 62.992, 62.992, 37.7952, 37.7952, 0],
		[43, "M1_25", 1830.1575, -580.1582, "T", "SMD", "LORA_DIO1", "", "C", 62.992, 62.992, 0, 0, 0],
		[44, "M1_26", 1930.1575, -580.1582, "T", "SMD", "LORA_RST", "", "C", 62.992, 62.992, 0, 0, 0],
		[45, "M1_27", 1099.1737, -724.9222, "T", "SMD", "NET_10", "", "R", 31.4961, 39.3701, 0, 0, 180],
		[46, "M1_28", 1155.2759, -724.7253, "T", "SMD", "NET_11", "", "R", 31.4961, 39.3701, 0, 0, 180],
		[47, "M2_1", 2105.91, -609.405, "T", "SMD", "NET_12", "", "R", 43.307, 88.976, 0, 0, 90],
		[48, "M2_2", 2092.92, -688.155, "T", "SMD", "GND", "GND", "R", 39.37, 62.992, 0, 0, 90],
		[49, "M2_3", 2092.92, -766.895, "T", "SMD", "+3.3V", "", "R", 39.37, 62.992, 0, 0, 90],
		[50, "M2_4", 2092.92, -845.635, "T", "SMD", "LORA_RST", "", "R", 39.37, 62.992, 0, 0, 90],
		[51, "M2_5", 2092.92, -924.375, "T", "SMD", "$1N2571", "", "R", 39.37, 62.992, 0, 0, 90],
		[52, "M2_6", 2092.92, -1003.115, "T", "SMD", "LORA_DIO1", "", "R", 39.37, 62.992, 0, 0, 90],
		[53, "M2_7", 2092.92, -1081.855, "T", "SMD", "$1N2571", "", "R", 39.37, 62.992, 0, 0, 90],
		[54, "M2_8", 2092.92, -1160.595, "T", "SMD", "NET_13", "", "R", 39.37, 62.992, 0, 0, 90],
		[55, "M2_9", 2707.08, -1160.595, "T", "SMD", "GND", "GND", "R", 39.37, 62.992, 0, 0, 90],
		[56, "M2_10", 2707.08, -1081.855, "T", "SMD", "BUSY", "", "R", 39.37, 62.992, 0, 0, 90],
		[57, "M2_11", 2707.08, -1003.115, "T", "SMD", "RXEN", "", "R", 39.37, 62.992, 0, 0, 90],
		[58, "M2_12", 2707.08, -924.375, "T", "SMD", "SCK", "", "R", 39.37, 62.992, 0, 0, 90],
		[59, "M2_13", 2707.08, -845.635, "T", "SMD", "MISO", "", "R", 39.37, 62.992, 0, 0, 90],
		[60, "M2_14", 2707.08, -766.895, "T", "SMD", "MOSI", "", "R", 39.37, 62.992, 0, 0, 90],
		[61, "M2_15", 2707.08, -688.155, "T", "SMD", "CS", "", "R", 39.37, 62.992, 0, 0, 90],
		[62, "M2_16", 2707.08, -609.41, "T", "SMD", "GND", "GND", "R", 39.37, 62.992, 0, 0, 90],
		[63, "M2_17", 2519.09, -676.655, "T", "SMD", "GND", "GND", "R", 70.866, 70.866, 0, 0, 90],
		[64, "MeshCore1_1", 2493.98, -1445, "T", "SMD", "USR_BTN", "", "R", 48.425, 53.543, 0, 0, 0],
		[65, "MeshCore1_2", 2666.02, -1445, "T", "SMD", "GND", "GND", "R", 48.425, 53.543, 0, 0, 0],
		[66, "R1_1", 310.34, -910, "T", "SMD", "$1N3533", "", "R", 31.751, 34.016, 0, 0, 0],
		[67, "R1_2", 369.66, -910, "T", "SMD", "VCC", "", "R", 31.751, 34.016, 0, 0, 0],
		[68, "R3_1", 733.0072, -375.956, "T", "SMD", "VCC", "", "R", 44.588, 54.213, 0, 0, 0],
		[69, "R3_2", 811.7472, -375.956, "T", "SMD", "BATT_%", "", "R", 44.588, 54.213, 0, 0, 0],
		[70, "R4_1", 890.63, -375, "T", "SMD", "GND", "GND", "R", 44.588, 54.213, 0, 0, 0],
		[71, "R4_2", 969.37, -375, "T", "SMD", "BATT_%", "", "R", 44.588, 54.213, 0, 0, 0],
		[72, "R7_1", 1229.5157, -373.243, "T", "SMD", "+3.3V", "", "R", 31.751, 34.016, 0, 0, 0],
		[73, "R7_2", 1288.8357, -373.243, "T", "SMD", "RST_BTN", "", "R", 31.751, 34.016, 0, 0, 0],
		[74, "R8_1", 2644.66, -1265, "T", "SMD", "+3.3V", "", "R", 31.751, 34.016, 0, 0, 180],
		[75, "R8_2", 2585.34, -1265, "T", "SMD", "USR_BTN", "", "R", 31.751, 34.016, 0, 0, 180],
		[76, "R20_1", 2019.37, -1295, "T", "SMD", "$1N4151", "", "R", 44.588, 54.213, 0, 0, 180],
		[77, "R20_2", 1940.63, -1295, "T", "SMD", "1WIRE", "", "R", 44.588, 54.213, 0, 0, 180],
		[78, "REBOOT1_1", 221.02, -85, "T", "SMD", "RST_BTN", "", "R", 48.425, 53.543, 0, 0, 180],
		[79, "REBOOT1_2", 48.98, -85, "T", "SMD", "GND", "GND", "R", 48.425, 53.543, 0, 0, 180],
		[80, "SW5_1", 548.425, -155, "T", "DIP", "GND", "GND", "O", 43.307, 59.055, 23.622, 39.37, 270],
		[81, "SW5_1", 548.425, -155, "B", "DIP", "GND", "GND", "O", 43.307, 59.055, 23.622, 39.37, 270],
		[82, "SW5_2", 450.005, -155, "T", "DIP", "GND", "GND", "O", 43.307, 59.055, 23.622, 39.37, 270],
		[83, "SW5_2", 450.005, -155, "B", "DIP", "GND", "GND", "O", 43.307, 59.055, 23.622, 39.37, 270],
		[84, "SW5_3", 351.575, -155, "T", "DIP", "NET_14", "", "O", 43.307, 59.055, 23.622, 39.37, 270],
		[85, "SW5_3", 351.575, -155, "B", "DIP", "NET_14", "", "O", 43.307, 59.055, 23.622, 39.37, 270],
		[86, "U1_1", 210, -1204.15, "T", "SMD", "GND", "GND", "O", 23.622, 70.866, 0, 0, 0],
		[87, "U1_2", 260, -1204.15, "T", "SMD", "GND", "GND", "O", 23.622, 70.866, 0, 0, 0],
		[88, "U1_3", 310, -1204.15, "T", "SMD", "GND", "GND", "O", 23.622, 70.866, 0, 0, 0],
		[89, "U1_4", 360, -1204.15, "T", "SMD", "GND", "GND", "O", 23.622, 70.866, 0, 0, 0],
		[90, "U1_5", 360, -985.85, "T", "SMD", "-BATT", "", "O", 23.622, 70.866, 0, 0, 0],
		[91, "U1_6", 310, -985.85, "T", "SMD", "$1N3533", "", "O", 23.622, 70.866, 0, 0, 0],
		[92, "U1_7", 260, -985.85, "T", "SMD", "-BATT", "", "O", 23.622, 70.866, 0, 0, 0],
		[93, "U1_8", 210, -985.85, "T", "SMD", "-BATT", "", "O", 23.622, 70.866, 0, 0, 0],
		[94, "U1_9", 285, -1095, "T", "SMD", "-BATT", "", "R", 90.157, 90.157, 0, 0, 0],
		[95, "U2_1", 2305, -50, "T", "DIP", "GND", "GND", "C", 70.866, 70.866, 41.338, 41.338, 180],
		[96, "U2_1", 2305, -50, "B", "DIP", "GND", "GND", "C", 70.866, 70.866, 41.338, 41.338, 180],
		[97, "U2_2", 2205, -50, "T", "DIP", "VCC", "", "C", 70.866, 70.866, 41.338, 41.338, 180],
		[98, "U2_2", 2205, -50, "B", "DIP", "VCC", "", "C", 70.866, 70.866, 41.338, 41.338, 180],
		[99, "U2_3", 2105, -50, "T", "DIP", "SCL", "", "C", 70.866, 70.866, 41.338, 41.338, 180],
		[100, "U2_3", 2105, -50, "B", "DIP", "SCL", "", "C", 70.866, 70.866, 41.338, 41.338, 180],
		[101, "U2_4", 2005, -50, "T", "DIP", "SDA", "", "C", 70.866, 70.866, 41.338, 41.338, 180],
		[102, "U2_4", 2005, -50, "B", "DIP", "SDA", "", "C", 70.866, 70.866, 41.338, 41.338, 180],
		[103, "U3_1", 2514.45, -1508.39, "B", "SMD", "$1N4151", "", "R", 15.984, 47.244, 0, 0, 90],
		[104, "U3_2", 2514.45, -1482.8, "B", "SMD", "NET_15", "", "R", 15.984, 47.244, 0, 0, 90],
		[105, "U3_3", 2514.45, -1457.2, "B", "SMD", "NET_16", "", "R", 15.984, 47.244, 0, 0, 90],
		[106, "U3_4", 2514.45, -1431.61, "B", "SMD", "GND", "GND", "R", 15.984, 47.244, 0, 0, 90],
		[107, "U3_5", 2695.55, -1431.61, "B", "SMD", "NET_17", "", "R", 15.984, 47.244, 0, 0, 90],
		[108, "U3_6", 2695.55, -1457.2, "B", "SMD", "NET_18", "", "R", 15.984, 47.244, 0, 0, 90],
		[109, "U3_7", 2695.55, -1482.8, "B", "SMD", "NET_19", "", "R", 15.984, 47.244, 0, 0, 90],
		[110, "U3_8", 2695.55, -1508.39, "B", "SMD", "+3.3V", "", "R", 15.984, 47.244, 0, 0, 90],
		[111, "PAD1_2", 1139.37, -375, "T", "SMD", "BATT_%", "", "R", 55.512, 53.15, 0, 0, 0],
		[112, "PAD2_1", 1060.63, -375, "T", "SMD", "GND", "GND", "R", 55.512, 53.15, 0, 0, 0],
		[113, "PAD3_2", 1417.56, -375, "T", "SMD", "GND", "GND", "R", 31.496, 35.433, 0, 0, 0],
		[114, "PAD4_1", 1362.44, -375, "T", "SMD", "RST_BTN", "", "R", 31.496, 35.433, 0, 0, 0],
		[115, "PAD5_2", 2502.56, -1265, "T", "SMD", "GND", "GND", "R", 31.496, 35.433, 0, 0, 0],
		[116, "PAD6_1", 2447.44, -1265, "T", "SMD", "USR_BTN", "", "R", 31.496, 35.433, 0, 0, 0],
		[117, "PAD7_1", 730.0005, -1180.8659, "T", "DIP", "GND", "GND", "R", 62.992, 62.992, 37.7952, 37.7952, 0],
		[118, "PAD7_1", 730.0005, -1180.8659, "B", "DIP", "GND", "GND", "R", 62.992, 62.992, 37.7952, 37.7952, 0],
		[119, "PAD8_6", 1230.0005, -1180.8659, "T", "SMD", "RXEN", "", "C", 62.992, 62.992, 0, 0, 0],
		[120, "PAD9_10", 1630.0005, -1180.8659, "T", "SMD", "USR_BTN", "", "C", 62.992, 62.992, 0, 0, 0],
		[121, "PAD10_11", 1730.0005, -1180.8659, "T", "SMD", "SCL", "", "C", 62.992, 62.992, 0, 0, 0],
		[122, "PAD11_12", 1830.0005, -1180.8659, "T", "SMD", "SDA", "", "C", 62.992, 62.992, 0, 0, 0],
		[123, "PAD12_16", 930.1575, -580.1582, "T", "DIP", "GND", "GND", "C", 62.992, 62.992, 19.685, 19.685, 0],
		[124, "PAD12_16", 930.1575, -580.1582, "B", "DIP", "GND", "GND", "C", 62.992, 62.992, 19.685, 19.685, 0],
		[125, "PAD13_14", 730.1575, -580.1582, "T", "DIP", "VCC", "", "R", 62.992, 62.992, 37.7952, 37.7952, 0],
		[126, "PAD13_14", 730.1575, -580.1582, "B", "DIP", "VCC", "", "R", 62.992, 62.992, 37.7952, 37.7952, 0],
		[127, "PAD14_17", 1030.1575, -580.1582, "T", "SMD", "RST_BTN", "", "C", 62.992, 62.992, 0, 0, 0],
		[128, "PAD15_18", 1130.1575, -580.1582, "T", "DIP", "+3.3V", "", "C", 62.992, 62.992, 19.685, 19.685, 0],
		[129, "PAD15_18", 1130.1575, -580.1582, "B", "DIP", "+3.3V", "", "C", 62.992, 62.992, 19.685, 19.685, 0],
		[130, "PAD16_19", 1230.1575, -580.1582, "T", "SMD", "BATT_%", "", "C", 62.992, 62.992, 0, 0, 0],
		[131, "PAD17_20", 1330.1575, -580.1582, "T", "SMD", "BUSY", "", "C", 62.992, 62.992, 0, 0, 0],
		[132, "PAD18_21", 1430.1575, -580.1582, "T", "SMD", "MISO", "", "C", 62.992, 62.992, 0, 0, 0],
		[133, "PAD19_22", 1530.1575, -580.1582, "T", "SMD", "MOSI", "", "C", 62.992, 62.992, 0, 0, 0],
		[134, "PAD20_23", 1630.1575, -580.1582, "T", "SMD", "CS", "", "C", 62.992, 62.992, 0, 0, 0],
		[135, "PAD21_24", 1730.1575, -580.1582, "T", "DIP", "SCK", "", "C", 62.992, 62.992, 37.7952, 37.7952, 0],
		[136, "PAD21_24", 1730.1575, -580.1582, "B", "DIP", "SCK", "", "C", 62.992, 62.992, 37.7952, 37.7952, 0],
		[137, "PAD22_25", 1830.1575, -580.1582, "T", "SMD", "LORA_DIO1", "", "C", 62.992, 62.992, 0, 0, 0],
		[138, "PAD23_26", 1930.1575, -580.1582, "T", "SMD", "LORA_RST", "", "C", 62.992, 62.992, 0, 0, 0],
		[139, "PAD24_5", 1130.0005, -1180.8659, "T", "DIP", "GND", "GND", "C", 62.992, 62.992, 19.685, 19.685, 0],
		[140, "PAD24_5", 1130.0005, -1180.8659, "B", "DIP", "GND", "GND", "C", 62.992, 62.992, 19.685, 19.685, 0],
		[141, "PAD25_13", 1929.9993, -1180.7865, "B", "SMD", "1WIRE", "", "C", 62.992, 62.992, 0, 0, 90],
		[142, "PAD26_2", 2092.92, -688.155, "T", "SMD", "GND", "GND", "R", 39.37, 62.992, 0, 0, 90],
		[143, "PAD27_3", 2092.92, -766.895, "T", "SMD", "+3.3V", "", "R", 39.37, 62.992, 0, 0, 90],
		[144, "PAD28_4", 2092.92, -845.635, "T", "SMD", "LORA_RST", "", "R", 39.37, 62.992, 0, 0, 90],
		[145, "PAD29_5", 2092.92, -924.375, "T", "SMD", "$1N2571", "", "R", 39.37, 62.992, 0, 0, 90],
		[146, "PAD30_6", 2092.92, -1003.115, "T", "SMD", "LORA_DIO1", "", "R", 39.37, 62.992, 0, 0, 90],
		[147, "PAD31_7", 2092.92, -1081.855, "T", "SMD", "$1N2571", "", "R", 39.37, 62.992, 0, 0, 90],
		[148, "PAD32_9", 2707.08, -1160.595, "T", "SMD", "GND", "GND", "R", 39.37, 62.992, 0, 0, 90],
		[149, "PAD33_10", 2707.08, -1081.855, "T", "SMD", "BUSY", "", "R", 39.37, 62.992, 0, 0, 90],
		[150, "PAD34_11", 2707.08, -1003.115, "T", "SMD", "RXEN", "", "R", 39.37, 62.992, 0, 0, 90],
		[151, "PAD35_12", 2707.08, -924.375, "T", "SMD", "SCK", "", "R", 39.37, 62.992, 0, 0, 90],
		[152, "PAD36_13", 2707.08, -845.635, "T", "SMD", "MISO", "", "R", 39.37, 62.992, 0, 0, 90],
		[153, "PAD37_14", 2707.08, -766.895, "T", "SMD", "MOSI", "", "R", 39.37, 62.992, 0, 0, 90],
		[154, "PAD38_15", 2707.08, -688.155, "T", "SMD", "CS", "", "R", 39.37, 62.992, 0, 0, 90],
		[155, "PAD39_16", 2707.08, -609.41, "T", "SMD", "GND", "GND", "R", 39.37, 62.992, 0, 0, 90],
		[156, "PAD40_17", 2519.09, -676.655, "T", "SMD", "GND", "GND", "R", 70.866, 70.866, 0, 0, 90],
		[157, "PAD41_1", 2493.98, -1445, "T", "SMD", "USR_BTN", "", "R", 48.425, 53.543, 0, 0, 0],
		[158, "PAD42_2", 2666.02, -1445, "T", "SMD", "GND", "GND", "R", 48.425, 53.543, 0, 0, 0],
		[159, "PAD43_2", 811.7472, -375.956, "T", "SMD", "BATT_%", "", "R", 44.588, 54.213, 0, 0, 0],
		[160, "PAD44_1", 733.0072, -375.956, "T", "SMD", "VCC", "", "R", 44.588, 54.213, 0, 0, 0],
		[161, "PAD45_2", 969.37, -375, "T", "SMD", "BATT_%", "", "R", 44.588, 54.213, 0, 0, 0],
		[162, "PAD46_1", 890.63, -375, "T", "SMD", "GND", "GND", "R", 44.588, 54.213, 0, 0, 0],
		[163, "PAD47_2", 1288.8357, -373.243, "T", "SMD", "RST_BTN", "", "R", 31.751, 34.016, 0, 0, 0],
		[164, "PAD48_1", 1229.5157, -373.243, "T", "SMD", "+3.3V", "", "R", 31.751, 34.016, 0, 0, 0],
		[165, "PAD49_2", 2585.34, -1265, "T", "SMD", "USR_BTN", "", "R", 31.751, 34.016, 0, 0, 180],
		[166, "PAD50_1", 2644.66, -1265, "T", "SMD", "+3.3V", "", "R", 31.751, 34.016, 0, 0, 180],
		[167, "PAD51_1", 221.02, -85, "T", "SMD", "RST_BTN", "", "R", 48.425, 53.543, 0, 0, 180],
		[168, "PAD52_2", 48.98, -85, "T", "SMD", "GND", "GND", "R", 48.425, 53.543, 0, 0, 180],
		[169, "PAD53_1", 548.425, -155, "T", "DIP", "GND", "GND", "O", 43.307, 59.055, 23.622, 39.37, 270],
		[170, "PAD53_1", 548.425, -155, "B", "DIP", "GND", "GND", "O", 43.307, 59.055, 23.622, 39.37, 270],
		[171, "PAD54_2", 450.005, -155, "T", "DIP", "GND", "GND", "O", 43.307, 59.055, 23.622, 39.37, 270],
		[172, "PAD54_2", 450.005, -155, "B", "DIP", "GND", "GND", "O", 43.307, 59.055, 23.622, 39.37, 270],
		[173, "PAD55_2", 232.56, -910, "T", "SMD", "$1N3533", "", "R", 31.496, 35.433, 0, 0, 0],
		[174, "PAD56_1", 177.44, -910, "T", "SMD", "-BATT", "", "R", 31.496, 35.433, 0, 0, 0],
		[175, "PAD57_2", 369.66, -910, "T", "SMD", "VCC", "", "R", 31.751, 34.016, 0, 0, 0],
		[176, "PAD58_1", 310.34, -910, "T", "SMD", "$1N3533", "", "R", 31.751, 34.016, 0, 0, 0],
		[177, "PAD59_1", 210, -1204.15, "T", "SMD", "GND", "GND", "O", 23.622, 70.866, 0, 0, 0],
		[178, "PAD60_2", 260, -1204.15, "T", "SMD", "GND", "GND", "O", 23.622, 70.866, 0, 0, 0],
		[179, "PAD61_3", 310, -1204.15, "T", "SMD", "GND", "GND", "O", 23.622, 70.866, 0, 0, 0],
		[180, "PAD62_4", 360, -1204.15, "T", "SMD", "GND", "GND", "O", 23.622, 70.866, 0, 0, 0],
		[181, "PAD63_8", 210, -985.85, "T", "SMD", "-BATT", "", "O", 23.622, 70.866, 0, 0, 0],
		[182, "PAD64_7", 260, -985.85, "T", "SMD", "-BATT", "", "O", 23.622, 70.866, 0, 0, 0],
		[183, "PAD65_6", 310, -985.85, "T", "SMD", "$1N3533", "", "O", 23.622, 70.866, 0, 0, 0],
		[184, "PAD66_5", 360, -985.85, "T", "SMD", "-BATT", "", "O", 23.622, 70.866, 0, 0, 0],
		[185, "PAD67_9", 285, -1095, "T", "SMD", "-BATT", "", "R", 90.157, 90.157, 0, 0, 0],
		[186, "PAD68_1", 235.395, -304.41, "T", "SMD", "VCC", "", "R", 31.496, 86.614, 0, 0, 0],
		[187, "PAD69_2", 284.605, -304.41, "T", "SMD", "-BATT", "", "R", 31.496, 86.614, 0, 0, 0],
		[188, "PAD70_1", 2305, -50, "T", "DIP", "GND", "GND", "C", 70.866, 70.866, 41.338, 41.338, 180],
		[189, "PAD70_1", 2305, -50, "B", "DIP", "GND", "GND", "C", 70.866, 70.866, 41.338, 41.338, 180],
		[190, "PAD71_2", 2205, -50, "T", "DIP", "VCC", "", "C", 70.866, 70.866, 41.338, 41.338, 180],
		[191, "PAD71_2", 2205, -50, "B", "DIP", "VCC", "", "C", 70.866, 70.866, 41.338, 41.338, 180],
		[192, "PAD72_3", 2105, -50, "T", "DIP", "SCL", "", "C", 70.866, 70.866, 41.338, 41.338, 180],
		[193, "PAD72_3", 2105, -50, "B", "DIP", "SCL", "", "C", 70.866, 70.866, 41.338, 41.338, 180],
		[194, "PAD73_4", 2005, -50, "T", "DIP", "SDA", "", "C", 70.866, 70.866, 41.338, 41.338, 180],
		[195, "PAD73_4", 2005, -50, "B", "DIP", "SDA", "", "C", 70.866, 70.866, 41.338, 41.338, 180],
		[196, "PAD74_2", 1940.63, -1295, "T", "SMD", "1WIRE", "", "R", 44.588, 54.213, 0, 0, 180],
		[197, "PAD75_1", 2019.37, -1295, "T", "SMD", "$1N4151", "", "R", 44.588, 54.213, 0, 0, 180],
		[198, "PAD76_1", 2514.45, -1508.39, "B", "SMD", "$1N4151", "", "R", 15.984, 47.244, 0, 0, 90],
		[199, "PAD77_4", 2514.45, -1431.61, "B", "SMD", "GND", "GND", "R", 15.984, 47.244, 0, 0, 90],
		[200, "PAD78_8", 2695.55, -1508.39, "B", "SMD", "+3.3V", "", "R", 15.984, 47.244, 0, 0, 90],
		[201, "TPJLC_TP1", 1830, -1440, "T", "TP", "SDA", "", "C", 42, 42, 0, 0, 0],
		[202, "TPJLC_TP2", 1728.3221, -1440, "T", "TP", "SCL", "", "C", 42, 42, 0, 0, 0]
	]
}
}